{
  "IcoMoonType": "selection",
  "icons": [
    {
      "icon": {
        "paths": [
          "M896 512h-768M512 128v0z"
        ],
        "attrs": [
          {
            "fill": "none",
            "stroke": "rgb(255, 255, 255)",
            "strokeLinejoin": "round",
            "strokeLinecap": "round",
            "strokeMiterlimit": "4",
            "strokeWidth": 96
          }
        ],
        "isMulticolor": false,
        "isMulticolor2": false,
        "grid": 0,
        "tags": [
          "add-outline 1"
        ],
        "colorPermutations": {
          "12202212231232808012552552551891771221": [
            {
              "s": 4
            }
          ]
        }
      },
      "attrs": [
        {
          "fill": "none",
          "stroke": "rgb(255, 255, 255)",
          "strokeLinejoin": "round",
          "strokeLinecap": "round",
          "strokeMiterlimit": "4",
          "strokeWidth": 96
        }
      ],
      "properties": {
        "order": 7,
        "id": 18,
        "name": "add-outline-1",
        "prevSize": 32
      },
      "setIdx": 0,
      "setId": 2,
      "iconIdx": 0
    },
    {
      "icon": {
        "paths": [
          "M512 16c273.933 0 496 222.067 496 496s-222.067 496-496 496c-273.933 0-496-222.067-496-496s222.067-496 496-496z",
          "M320 384h384",
          "M661.334 384v298.666c0 11.315-4.496 22.17-12.499 30.17-8 8.003-18.851 12.496-30.17 12.496h-213.331c-11.318 0-22.17-4.493-30.17-12.496-8.003-8-12.499-18.854-12.499-30.17v-298.666M426.666 384v-42.669c0-11.315 4.496-22.167 12.499-30.168 8-8.002 18.851-12.497 30.17-12.497h85.331c11.318 0 22.17 4.495 30.17 12.497 8.003 8.002 12.499 18.853 12.499 30.168v42.669",
          "M469.334 490.666v128",
          "M554.666 490.666v128"
        ],
        "attrs": [
          {
            "fill": "none",
            "stroke": "rgb(232, 80, 80)",
            "strokeLinejoin": "miter",
            "strokeLinecap": "butt",
            "strokeMiterlimit": "4",
            "strokeWidth": 32
          },
          {
            "fill": "none",
            "stroke": "rgb(232, 80, 80)",
            "strokeLinejoin": "round",
            "strokeLinecap": "round",
            "strokeMiterlimit": "4",
            "strokeWidth": 41.6
          },
          {
            "fill": "none",
            "stroke": "rgb(232, 80, 80)",
            "strokeLinejoin": "round",
            "strokeLinecap": "round",
            "strokeMiterlimit": "4",
            "strokeWidth": 41.6
          },
          {
            "fill": "none",
            "stroke": "rgb(232, 80, 80)",
            "strokeLinejoin": "round",
            "strokeLinecap": "round",
            "strokeMiterlimit": "4",
            "strokeWidth": 41.6
          },
          {
            "fill": "none",
            "stroke": "rgb(232, 80, 80)",
            "strokeLinejoin": "round",
            "strokeLinecap": "round",
            "strokeMiterlimit": "4",
            "strokeWidth": 41.6
          }
        ],
        "isMulticolor": false,
        "isMulticolor2": false,
        "grid": 0,
        "tags": [
          "btn-delete"
        ],
        "colorPermutations": {
          "12202212231232808012552552551891771221": [
            {
              "s": 2
            },
            {
              "s": 2
            },
            {
              "s": 2
            },
            {
              "s": 2
            },
            {
              "s": 2
            }
          ]
        }
      },
      "attrs": [
        {
          "fill": "none",
          "stroke": "rgb(232, 80, 80)",
          "strokeLinejoin": "miter",
          "strokeLinecap": "butt",
          "strokeMiterlimit": "4",
          "strokeWidth": 32
        },
        {
          "fill": "none",
          "stroke": "rgb(232, 80, 80)",
          "strokeLinejoin": "round",
          "strokeLinecap": "round",
          "strokeMiterlimit": "4",
          "strokeWidth": 41.6
        },
        {
          "fill": "none",
          "stroke": "rgb(232, 80, 80)",
          "strokeLinejoin": "round",
          "strokeLinecap": "round",
          "strokeMiterlimit": "4",
          "strokeWidth": 41.6
        },
        {
          "fill": "none",
          "stroke": "rgb(232, 80, 80)",
          "strokeLinejoin": "round",
          "strokeLinecap": "round",
          "strokeMiterlimit": "4",
          "strokeWidth": 41.6
        },
        {
          "fill": "none",
          "stroke": "rgb(232, 80, 80)",
          "strokeLinejoin": "round",
          "strokeLinecap": "round",
          "strokeMiterlimit": "4",
          "strokeWidth": 41.6
        }
      ],
      "properties": {
        "order": 8,
        "id": 17,
        "name": "btn-delete",
        "prevSize": 32
      },
      "setIdx": 0,
      "setId": 2,
      "iconIdx": 1
    },
    {
      "icon": {
        "paths": [
          "M512 16c273.933 0 496 222.067 496 496s-222.067 496-496 496c-273.933 0-496-222.067-496-496s222.067-496 496-496z",
          "M618.714 320.032c5.603-5.604 12.256-10.049 19.578-13.082 7.318-3.032 15.165-4.593 23.091-4.593 7.923 0 15.77 1.561 23.091 4.593 7.318 3.032 13.971 7.477 19.574 13.082 5.603 5.6 10.048 12.253 13.078 19.574 3.034 7.322 4.595 15.168 4.595 23.091s-1.562 15.77-4.595 23.091c-3.030 7.322-7.475 13.971-13.078 19.574l-288 288-117.334 32 31.999-117.331 288-288z"
        ],
        "attrs": [
          {
            "fill": "none",
            "stroke": "rgb(89, 177, 122)",
            "strokeLinejoin": "miter",
            "strokeLinecap": "butt",
            "strokeMiterlimit": "4",
            "strokeWidth": 32
          },
          {
            "fill": "none",
            "stroke": "rgb(89, 177, 122)",
            "strokeLinejoin": "round",
            "strokeLinecap": "round",
            "strokeMiterlimit": "4",
            "strokeWidth": 41.6
          }
        ],
        "isMulticolor": false,
        "isMulticolor2": false,
        "grid": 0,
        "tags": [
          "btn-edite"
        ],
        "colorPermutations": {
          "12202212231232808012552552551891771221": [
            {
              "s": 1
            },
            {
              "s": 1
            }
          ]
        }
      },
      "attrs": [
        {
          "fill": "none",
          "stroke": "rgb(89, 177, 122)",
          "strokeLinejoin": "miter",
          "strokeLinecap": "butt",
          "strokeMiterlimit": "4",
          "strokeWidth": 32
        },
        {
          "fill": "none",
          "stroke": "rgb(89, 177, 122)",
          "strokeLinejoin": "round",
          "strokeLinecap": "round",
          "strokeMiterlimit": "4",
          "strokeWidth": 41.6
        }
      ],
      "properties": {
        "order": 9,
        "id": 16,
        "name": "btn-edite",
        "prevSize": 32
      },
      "setIdx": 0,
      "setId": 2,
      "iconIdx": 2
    },
    {
      "icon": {
        "paths": [
          "M256 640l256-256 256 256"
        ],
        "attrs": [
          {
            "fill": "none",
            "strokeLinejoin": "round",
            "strokeLinecap": "round",
            "strokeMiterlimit": "4",
            "strokeWidth": 96
          }
        ],
        "isMulticolor": false,
        "isMulticolor2": false,
        "grid": 0,
        "tags": [
          "chevron-down"
        ],
        "colorPermutations": {
          "12202212231232808012552552551891771221": [
            {
              "s": 0
            }
          ]
        }
      },
      "attrs": [
        {
          "fill": "none",
          "strokeLinejoin": "round",
          "strokeLinecap": "round",
          "strokeMiterlimit": "4",
          "strokeWidth": 96
        }
      ],
      "properties": {
        "order": 10,
        "id": 15,
        "name": "chevron-down",
        "prevSize": 32
      },
      "setIdx": 0,
      "setId": 2,
      "iconIdx": 3
    },
    {
      "icon": {
        "paths": [
          "M896 853.33c0-74.322-71.255-137.513-170.665-160.978M640 853.33c0-94.29-114.601-170.665-256-170.665-141.398 0-256 76.375-256 170.665M640 554.665c45.266 0 88.673-17.981 120.678-49.988s49.987-75.416 49.987-120.679c0-45.264-17.981-88.673-49.987-120.679s-75.412-49.987-120.678-49.987M384 554.665c-45.264 0-88.673-17.981-120.679-49.988s-49.987-75.416-49.987-120.679c0-45.264 17.981-88.673 49.987-120.679s75.416-49.987 120.679-49.987c45.263 0 88.673 17.981 120.679 49.987 32.004 32.006 49.986 75.416 49.986 120.679s-17.981 88.673-49.986 120.679c-32.006 32.006-75.416 49.988-120.679 49.988z"
        ],
        "attrs": [
          {
            "fill": "none",
            "strokeLinejoin": "round",
            "strokeLinecap": "round",
            "strokeMiterlimit": "4",
            "strokeWidth": 76.80000000000001
          }
        ],
        "isMulticolor": false,
        "isMulticolor2": false,
        "grid": 0,
        "tags": [
          "ci_users"
        ],
        "colorPermutations": {
          "12202212231232808012552552551891771221": [
            {
              "s": 0
            }
          ]
        }
      },
      "attrs": [
        {
          "fill": "none",
          "strokeLinejoin": "round",
          "strokeLinecap": "round",
          "strokeMiterlimit": "4",
          "strokeWidth": 76.80000000000001
        }
      ],
      "properties": {
        "order": 11,
        "id": 14,
        "name": "ci_users",
        "prevSize": 32
      },
      "setIdx": 0,
      "setId": 2,
      "iconIdx": 4
    },
    {
      "icon": {
        "paths": [
          "M170.667 554.667h256c23.466 0 42.666-19.2 42.666-42.667v-341.333c0-23.467-19.2-42.667-42.666-42.667h-256c-23.467 0-42.667 19.2-42.667 42.667v341.333c0 23.467 19.2 42.667 42.667 42.667zM170.667 896h256c23.466 0 42.666-19.2 42.666-42.669v-170.662c0-23.469-19.2-42.669-42.666-42.669h-256c-23.467 0-42.667 19.2-42.667 42.669v170.662c0 23.469 19.2 42.669 42.667 42.669zM597.333 896h255.998c23.469 0 42.669-19.2 42.669-42.669v-341.331c0-23.467-19.2-42.667-42.669-42.667h-255.998c-23.466 0-42.666 19.2-42.666 42.667v341.331c0 23.469 19.2 42.669 42.666 42.669zM554.667 170.667v170.666c0 23.467 19.2 42.667 42.666 42.667h255.998c23.469 0 42.669-19.2 42.669-42.667v-170.666c0-23.467-19.2-42.667-42.669-42.667h-255.998c-23.466 0-42.666 19.2-42.666 42.667z"
        ],
        "attrs": [
          {
            "fill": "rgb(89, 177, 122)"
          }
        ],
        "isMulticolor": false,
        "isMulticolor2": false,
        "grid": 0,
        "tags": [
          "dashboard"
        ],
        "colorPermutations": {
          "12202212231232808012552552551891771221": [
            {
              "f": 1
            }
          ]
        }
      },
      "attrs": [
        {
          "fill": "rgb(89, 177, 122)"
        }
      ],
      "properties": {
        "order": 12,
        "id": 13,
        "name": "dashboard",
        "prevSize": 32
      },
      "setIdx": 0,
      "setId": 2,
      "iconIdx": 5
    },
    {
      "icon": {
        "paths": [
          "M832.095 512.054c0 176.75-143.284 320.034-320.034 320.034s-320.034-143.284-320.034-320.034c0-176.75 143.284-320.034 320.034-320.034s320.034 143.284 320.034 320.034z"
        ],
        "attrs": [
          {
            "fill": "rgb(89, 177, 122)"
          }
        ],
        "isMulticolor": false,
        "isMulticolor2": false,
        "grid": 0,
        "tags": [
          "dot"
        ],
        "colorPermutations": {
          "12202212231232808012552552551891771221": [
            {
              "f": 1
            }
          ]
        }
      },
      "attrs": [
        {
          "fill": "rgb(89, 177, 122)"
        }
      ],
      "properties": {
        "order": 13,
        "id": 12,
        "name": "dot",
        "prevSize": 32
      },
      "setIdx": 0,
      "setId": 2,
      "iconIdx": 6
    },
    {
      "icon": {
        "paths": [
          "M89.297 540.635c16.256-40.235 62.053-59.676 102.289-43.42l614.057 248.096-58.87 145.707-614.057-248.094c-40.236-16.256-59.676-62.054-43.419-102.29z",
          "M306.321 203.882c16.256-40.236 62.052-59.676 102.288-43.419l614.059 248.095-58.87 145.707-614.056-248.094c-40.238-16.256-59.676-62.053-43.42-102.289z",
          "M29.435 304.908c16.256-40.236 62.053-59.676 102.289-43.419l614.056 248.095-58.87 145.707-614.056-248.094c-40.236-16.256-59.676-62.053-43.419-102.289z"
        ],
        "attrs": [
          {
            "fill": "rgb(89, 177, 122)",
            "opacity": 0.08
          },
          {
            "fill": "rgb(89, 177, 122)",
            "opacity": 0.08
          },
          {
            "fill": "rgb(89, 177, 122)",
            "opacity": 0.08
          }
        ],
        "isMulticolor": false,
        "isMulticolor2": false,
        "grid": 0,
        "tags": [
          "elements"
        ],
        "colorPermutations": {
          "12202212231232808012552552551891771221": [
            {
              "f": 1
            },
            {
              "f": 1
            },
            {
              "f": 1
            }
          ]
        }
      },
      "attrs": [
        {
          "fill": "rgb(89, 177, 122)",
          "opacity": 0.08
        },
        {
          "fill": "rgb(89, 177, 122)",
          "opacity": 0.08
        },
        {
          "fill": "rgb(89, 177, 122)",
          "opacity": 0.08
        }
      ],
      "properties": {
        "order": 14,
        "id": 11,
        "name": "elements",
        "prevSize": 32
      },
      "setIdx": 0,
      "setId": 2,
      "iconIdx": 7
    },
    {
      "icon": {
        "paths": [
          "M938.664 128h-853.334l341.333 403.626v279.038l170.667 85.336v-364.374l341.334-403.626z"
        ],
        "attrs": [
          {
            "fill": "none",
            "stroke": "rgb(255, 255, 255)",
            "strokeLinejoin": "round",
            "strokeLinecap": "round",
            "strokeMiterlimit": "4",
            "strokeWidth": 109.71428571428571
          }
        ],
        "isMulticolor": false,
        "isMulticolor2": false,
        "grid": 0,
        "tags": [
          "filter"
        ],
        "colorPermutations": {
          "12202212231232808012552552551891771221": [
            {
              "s": 4
            }
          ]
        }
      },
      "attrs": [
        {
          "fill": "none",
          "stroke": "rgb(255, 255, 255)",
          "strokeLinejoin": "round",
          "strokeLinecap": "round",
          "strokeMiterlimit": "4",
          "strokeWidth": 109.71428571428571
        }
      ],
      "properties": {
        "order": 15,
        "id": 10,
        "name": "filter",
        "prevSize": 32
      },
      "setIdx": 0,
      "setId": 2,
      "iconIdx": 8
    },
    {
      "icon": {
        "paths": [
          "M0 0h1024v1024h-1024v-1024z",
          "M0 0h1024v1024h-1024v-1024z"
        ],
        "attrs": [
          {},
          {}
        ],
        "isMulticolor": false,
        "isMulticolor2": false,
        "grid": 0,
        "tags": [
          "logo"
        ],
        "colorPermutations": {
          "12202212231232808012552552551891771221": [
            {},
            {}
          ]
        }
      },
      "attrs": [
        {},
        {}
      ],
      "properties": {
        "order": 17,
        "id": 9,
        "name": "logo",
        "prevSize": 32
      },
      "setIdx": 0,
      "setId": 2,
      "iconIdx": 9
    },
    {
      "icon": {
        "paths": [
          "M0 0h1024v1024h-1024v-1024z",
          "M0 0h1024v1024h-1024v-1024z"
        ],
        "attrs": [
          {
            "fill": "rgb(0, 0, 0)"
          },
          {
            "fill": "rgb(255, 255, 255)"
          }
        ],
        "isMulticolor": true,
        "isMulticolor2": false,
        "grid": 0,
        "tags": [
          "logo_wite"
        ],
        "colorPermutations": {
          "12202212231232808012552552551891771221": [
            {
              "f": 0
            },
            {
              "f": 4
            }
          ]
        }
      },
      "attrs": [
        {
          "fill": "rgb(0, 0, 0)"
        },
        {
          "fill": "rgb(255, 255, 255)"
        }
      ],
      "properties": {
        "order": 18,
        "id": 8,
        "name": "logo_wite",
        "prevSize": 32
      },
      "setIdx": 0,
      "setId": 2,
      "iconIdx": 10
    },
    {
      "icon": {
        "paths": [
          "M900.414 529.655c0 214.515-173.899 388.414-388.414 388.414s-388.414-173.899-388.414-388.414c0-214.515 173.899-388.414 388.414-388.414s388.414 173.899 388.414 388.414z",
          "M441.379 411.953c-9.364 0-18.345 3.72-24.968 10.342s-10.342 15.604-10.342 24.968v164.781c0 9.366 3.72 18.347 10.342 24.97 6.622 6.621 15.604 10.341 24.968 10.341h70.621c9.364 0 18.345-3.72 24.968-10.341 6.622-6.622 10.342-15.604 10.342-24.97v-164.781c0-9.364-3.72-18.345-10.342-24.968s-15.604-10.342-24.968-10.342h-70.621zM562.529 474.253c2.207-2.207 5.201-3.446 8.321-3.446 3.121 0 6.114 1.239 8.323 3.446l47.079 47.079c2.207 2.209 3.446 5.201 3.446 8.323s-1.239 6.114-3.446 8.321l-47.079 47.081c-2.221 2.143-5.194 3.33-8.28 3.303s-6.038-1.264-8.22-3.446c-2.182-2.182-3.42-5.136-3.446-8.222s1.16-6.059 3.303-8.279l26.989-26.989h-101.058c-3.121 0-6.116-1.239-8.323-3.446-2.209-2.207-3.448-5.201-3.448-8.323s1.239-6.116 3.448-8.323c2.207-2.207 5.201-3.448 8.323-3.448h101.058l-26.989-26.989c-2.207-2.207-3.446-5.199-3.446-8.321s1.239-6.114 3.446-8.321z"
        ],
        "attrs": [
          {
            "fill": "rgb(89, 177, 122)"
          },
          {
            "fill": "rgb(255, 255, 255)"
          }
        ],
        "isMulticolor": true,
        "isMulticolor2": false,
        "grid": 0,
        "tags": [
          "logout"
        ],
        "colorPermutations": {
          "12202212231232808012552552551891771221": [
            {
              "f": 1
            },
            {
              "f": 4
            }
          ]
        }
      },
      "attrs": [
        {
          "fill": "rgb(89, 177, 122)"
        },
        {
          "fill": "rgb(255, 255, 255)"
        }
      ],
      "properties": {
        "order": 19,
        "id": 7,
        "name": "logout",
        "prevSize": 32
      },
      "setIdx": 0,
      "setId": 2,
      "iconIdx": 11
    },
    {
      "icon": {
        "paths": [
          "M682.669 597.334h-128.002v128.003h-85.334v-128.003h-128v-85.333h128v-128h85.334v128h128.002zM896 213.334h-113.069l49.069-134.4-100.269-36.266-62.291 170.666h-541.44v85.334l85.333 256-85.333 256.001v85.331h768v-85.331l-85.331-256.001 85.331-256v-85.334z"
        ],
        "attrs": [
          {
            "fill": "rgb(220, 221, 223)"
          }
        ],
        "isMulticolor": false,
        "isMulticolor2": false,
        "grid": 0,
        "tags": [
          "mdi_local-pharmacy"
        ],
        "colorPermutations": {
          "12202212231232808012552552551891771221": [
            {
              "f": 3
            }
          ]
        }
      },
      "attrs": [
        {
          "fill": "rgb(220, 221, 223)"
        }
      ],
      "properties": {
        "order": 20,
        "id": 6,
        "name": "mdi_local-pharmacy",
        "prevSize": 32
      },
      "setIdx": 0,
      "setId": 2,
      "iconIdx": 12
    },
    {
      "icon": {
        "paths": [
          "M682.675 725.331v85.338h-597.331v-85.338c0 0 0-170.665 298.666-170.665 298.665 0 298.665 170.665 298.665 170.665zM533.344 319.999c0-29.535-8.758-58.407-25.167-82.965s-39.732-43.698-67.019-55c-27.287-11.303-57.313-14.26-86.281-8.498s-55.576 19.985-76.461 40.869c-20.885 20.884-35.107 47.493-40.87 76.461s-2.804 58.994 8.498 86.281c11.303 27.287 30.444 50.61 55.001 67.019s53.43 25.167 82.965 25.167c39.606 0 77.589-15.733 105.595-43.739s43.739-65.989 43.739-105.595zM680.115 554.666c26.234 20.299 47.693 46.099 62.88 75.585 15.181 29.487 23.725 61.941 25.018 95.080v85.338h170.662v-85.338c0 0 0-154.878-258.56-170.665zM640.013 170.666c-29.37-0.163-58.092 8.617-82.349 25.173 25.917 36.213 39.853 79.629 39.853 124.16s-13.935 87.948-39.853 124.161c24.257 16.556 52.979 25.336 82.349 25.173 39.603 0 77.587-15.733 105.594-43.739s43.738-65.989 43.738-105.595c0-39.605-15.731-77.589-43.738-105.594s-65.99-43.739-105.594-43.739z"
        ],
        "attrs": [
          {
            "fill": "rgb(220, 221, 223)"
          }
        ],
        "isMulticolor": false,
        "isMulticolor2": false,
        "grid": 0,
        "tags": [
          "mdi_users"
        ],
        "colorPermutations": {
          "12202212231232808012552552551891771221": [
            {
              "f": 3
            }
          ]
        }
      },
      "attrs": [
        {
          "fill": "rgb(220, 221, 223)"
        }
      ],
      "properties": {
        "order": 3,
        "id": 5,
        "name": "mdi_users",
        "prevSize": 32
      },
      "setIdx": 0,
      "setId": 2,
      "iconIdx": 13
    },
    {
      "icon": {
        "paths": [
          "M900.414 529.655c0 214.515-173.899 388.414-388.414 388.414s-388.414-173.899-388.414-388.414c0-214.515 173.899-388.414 388.414-388.414s388.414 173.899 388.414 388.414z",
          "M417.84 541.426h70.621c6.472 0 11.769-5.297 11.769-11.771v-94.16c0-6.474-5.297-11.771-11.769-11.771h-70.621c-6.474 0-11.771 5.297-11.771 11.771v94.16c0 6.474 5.297 11.771 11.771 11.771zM417.84 635.586h70.621c6.472 0 11.769-5.297 11.769-11.771v-47.079c0-6.474-5.297-11.771-11.769-11.771h-70.621c-6.474 0-11.771 5.297-11.771 11.771v47.079c0 6.474 5.297 11.771 11.771 11.771zM535.54 635.586h70.621c6.474 0 11.771-5.297 11.771-11.771v-94.16c0-6.474-5.297-11.771-11.771-11.771h-70.621c-6.472 0-11.769 5.297-11.769 11.771v94.16c0 6.474 5.297 11.771 11.769 11.771zM523.771 435.495v47.079c0 6.474 5.297 11.771 11.769 11.771h70.621c6.474 0 11.771-5.297 11.771-11.771v-47.079c0-6.474-5.297-11.771-11.771-11.771h-70.621c-6.472 0-11.769 5.297-11.769 11.771z"
        ],
        "attrs": [
          {
            "fill": "rgb(255, 255, 255)"
          },
          {
            "fill": "rgb(220, 221, 223)"
          }
        ],
        "isMulticolor": true,
        "isMulticolor2": false,
        "grid": 0,
        "tags": [
          "menu"
        ],
        "colorPermutations": {
          "12202212231232808012552552551891771221": [
            {
              "f": 4
            },
            {
              "f": 3
            }
          ]
        }
      },
      "attrs": [
        {
          "fill": "rgb(255, 255, 255)"
        },
        {
          "fill": "rgb(220, 221, 223)"
        }
      ],
      "properties": {
        "order": 21,
        "id": 4,
        "name": "menu",
        "prevSize": 32
      },
      "setIdx": 0,
      "setId": 2,
      "iconIdx": 14
    },
    {
      "icon": {
        "paths": [
          "M639.998 410.925v-240.256h42.664c11.315 0 22.17-4.495 30.17-12.497 8.006-8.002 12.499-18.854 12.499-30.17s-4.493-22.168-12.499-30.17c-8-8.002-18.854-12.497-30.17-12.497h-341.331c-11.316 0-22.168 4.495-30.17 12.497s-12.497 18.854-12.497 30.17c0 11.316 4.495 22.168 12.497 30.17s18.854 12.497 30.17 12.497h42.667v240.256l-223.019 327.724c-57.813 84.992 3.072 200.019 105.813 200.019h490.366c102.829 0 163.674-115.027 105.818-200.019l-222.978-327.724z"
        ],
        "attrs": [
          {
            "fill": "rgb(220, 221, 223)"
          }
        ],
        "isMulticolor": false,
        "isMulticolor2": false,
        "grid": 0,
        "tags": [
          "mingcute_flask-fill"
        ],
        "colorPermutations": {
          "12202212231232808012552552551891771221": [
            {
              "f": 3
            }
          ]
        }
      },
      "attrs": [
        {
          "fill": "rgb(220, 221, 223)"
        }
      ],
      "properties": {
        "order": 5,
        "id": 3,
        "name": "mingcute_flask-fill",
        "prevSize": 32
      },
      "setIdx": 0,
      "setId": 2,
      "iconIdx": 15
    },
    {
      "icon": {
        "paths": [
          "M298.656 768c-46.933 0-84.906 38.4-84.906 85.338 0 46.931 37.973 85.331 84.906 85.331s85.334-38.4 85.334-85.331c0-46.938-38.4-85.338-85.334-85.338zM42.656 128.003c0 23.467 19.2 42.667 42.667 42.667h42.667l153.6 323.84-57.6 104.106c-31.147 57.173 9.813 126.722 74.666 126.722h469.331c23.469 0 42.669-19.2 42.669-42.669s-19.2-42.669-42.669-42.669h-469.331l46.934-85.331h317.866c32 0 60.16-17.494 74.669-43.947l152.742-276.907c3.597-6.467 5.44-13.761 5.357-21.16-0.090-7.399-2.112-14.646-5.862-21.025s-9.101-11.668-15.52-15.345c-6.419-3.676-13.69-5.612-21.094-5.615h-631.464l-28.587-61.014c-3.429-7.283-8.861-13.438-15.662-17.745s-14.688-6.588-22.738-6.575h-69.973c-23.467 0-42.667 19.2-42.667 42.667zM725.325 768c-46.938 0-84.909 38.4-84.909 85.338 0 46.931 37.971 85.331 84.909 85.331 46.931 0 85.331-38.4 85.331-85.331 0-46.938-38.4-85.338-85.331-85.338z"
        ],
        "attrs": [
          {
            "fill": "rgb(220, 221, 223)"
          }
        ],
        "isMulticolor": false,
        "isMulticolor2": false,
        "grid": 0,
        "tags": [
          "shopping-cart"
        ],
        "colorPermutations": {
          "12202212231232808012552552551891771221": [
            {
              "f": 3
            }
          ]
        }
      },
      "attrs": [
        {
          "fill": "rgb(220, 221, 223)"
        }
      ],
      "properties": {
        "order": 6,
        "id": 2,
        "name": "shopping-cart",
        "prevSize": 32
      },
      "setIdx": 0,
      "setId": 2,
      "iconIdx": 16
    },
    {
      "icon": {
        "paths": [
          "M658.294 548.572c181.78 0 329.144-65.495 329.144-146.287s-147.364-146.286-329.144-146.286c-181.782 0-329.144 65.495-329.144 146.286s147.362 146.287 329.144 146.287z",
          "M329.15 402.288v438.857c0 80.456 146.286 146.284 329.144 146.284 182.856 0 329.144-65.828 329.144-146.284v-438.857",
          "M987.433 621.716c0 80.456-146.289 146.284-329.144 146.284-182.857 0-329.142-65.828-329.142-146.284M650.977 109.716c-85.468-52.745-184.956-78.254-285.259-73.143-182.126 0-329.143 65.828-329.143 146.286 0 43.154 42.423 81.92 109.714 109.714",
          "M146.289 731.428c-67.291-27.796-109.714-66.56-109.714-109.716v-438.855",
          "M146.289 512c-67.291-27.792-109.714-66.558-109.714-109.712"
        ],
        "attrs": [
          {
            "fill": "none",
            "strokeLinejoin": "round",
            "strokeLinecap": "round",
            "strokeMiterlimit": "4",
            "strokeWidth": 76.80000000000001
          },
          {
            "fill": "none",
            "strokeLinejoin": "round",
            "strokeLinecap": "round",
            "strokeMiterlimit": "4",
            "strokeWidth": 76.80000000000001
          },
          {
            "fill": "none",
            "strokeLinejoin": "round",
            "strokeLinecap": "round",
            "strokeMiterlimit": "4",
            "strokeWidth": 76.80000000000001
          },
          {
            "fill": "none",
            "strokeLinejoin": "round",
            "strokeLinecap": "round",
            "strokeMiterlimit": "4",
            "strokeWidth": 76.80000000000001
          },
          {
            "fill": "none",
            "strokeLinejoin": "round",
            "strokeLinecap": "round",
            "strokeMiterlimit": "4",
            "strokeWidth": 76.80000000000001
          }
        ],
        "isMulticolor": false,
        "isMulticolor2": false,
        "grid": 0,
        "tags": [
          "streamline_money-cash"
        ],
        "colorPermutations": {
          "12202212231232808012552552551891771221": [
            {
              "s": 0
            },
            {
              "s": 0
            },
            {
              "s": 0
            },
            {
              "s": 0
            },
            {
              "s": 0
            }
          ]
        }
      },
      "attrs": [
        {
          "fill": "none",
          "strokeLinejoin": "round",
          "strokeLinecap": "round",
          "strokeMiterlimit": "4",
          "strokeWidth": 76.80000000000001
        },
        {
          "fill": "none",
          "strokeLinejoin": "round",
          "strokeLinecap": "round",
          "strokeMiterlimit": "4",
          "strokeWidth": 76.80000000000001
        },
        {
          "fill": "none",
          "strokeLinejoin": "round",
          "strokeLinecap": "round",
          "strokeMiterlimit": "4",
          "strokeWidth": 76.80000000000001
        },
        {
          "fill": "none",
          "strokeLinejoin": "round",
          "strokeLinecap": "round",
          "strokeMiterlimit": "4",
          "strokeWidth": 76.80000000000001
        },
        {
          "fill": "none",
          "strokeLinejoin": "round",
          "strokeLinecap": "round",
          "strokeMiterlimit": "4",
          "strokeWidth": 76.80000000000001
        }
      ],
      "properties": {
        "order": 22,
        "id": 1,
        "name": "streamline_money-cash",
        "prevSize": 32
      },
      "setIdx": 0,
      "setId": 2,
      "iconIdx": 17
    },
    {
      "icon": {
        "paths": [
          "M512 0v1024"
        ],
        "attrs": [
          {
            "fill": "none",
            "strokeLinejoin": "miter",
            "strokeLinecap": "butt",
            "strokeMiterlimit": "4",
            "strokeWidth": 85.33333333333333
          }
        ],
        "isMulticolor": false,
        "isMulticolor2": false,
        "grid": 0,
        "tags": [
          "Vector 46"
        ],
        "colorPermutations": {
          "12202212231232808012552552551891771221": [
            {
              "s": 0
            }
          ]
        }
      },
      "attrs": [
        {
          "fill": "none",
          "strokeLinejoin": "miter",
          "strokeLinecap": "butt",
          "strokeMiterlimit": "4",
          "strokeWidth": 85.33333333333333
        }
      ],
      "properties": {
        "order": 23,
        "id": 0,
        "name": "Vector-46",
        "prevSize": 32
      },
      "setIdx": 0,
      "setId": 2,
      "iconIdx": 18
    }
  ],
  "height": 1024,
  "preferences": {
    "showGlyphs": true,
    "showQuickUse": true,
    "showQuickUse2": true,
    "showSVGs": true,
    "fontPref": {
      "prefix": "icon-",
      "metadata": {
        "fontFamily": "icomoon"
      },
      "metrics": {
        "emSize": 1024,
        "baseline": 6.25,
        "whitespace": 50
      },
      "embed": false
    },
    "imagePref": {
      "prefix": "icon-",
      "png": true,
      "useClassSelector": true,
      "color": 0,
      "bgColor": 16777215,
      "classSelector": ".icon",
      "name": "icomoon"
    },
    "historySize": 50,
    "showCodes": true,
    "gridSize": 16
  }
}